<?xml version='1.0' encoding='UTF-8'?>
<faces-config version="2.2"
              xmlns="http://xmlns.jcp.org/xml/ns/javaee"
              xmlns:xsi="http://www.w3.org/2001/XMLSchema-instance"
              xsi:schemaLocation="http://xmlns.jcp.org/xml/ns/javaee http://xmlns.jcp.org/xml/ns/javaee/web-facesconfig_2_2.xsd">
     <navigation-rule>
        <from-view-id>/Login.xhtml</from-view-id>
        <navigation-case>
            <from-outcome>home</from-outcome>
            <to-view-id>/Home.xhtml</to-view-id>
        </navigation-case>
    </navigation-rule>
    
     <navigation-rule>
        <from-view-id>/useraccount/Create.xhtml</from-view-id>
        <navigation-case>
            <from-outcome>logout</from-outcome>
            <to-view-id>/Login.xhtml</to-view-id>
        </navigation-case>
    </navigation-rule>
     <navigation-rule>
        <from-view-id>/Login.xhtml</from-view-id>
        <navigation-case>
            <from-outcome>user</from-outcome>
            <to-view-id>/useraccount/Create.xhtml</to-view-id>
            <redirect />
        </navigation-case>
    </navigation-rule>
      <application>
        
            <resource-bundle>
                  <base-name>/bid</base-name>
                  <var>bid</var>
            </resource-bundle>
           
          
          
      </application>
   
</faces-config>
